<beans xmlns="http://www.springframework.org/schema/beans"
	xmlns:xsi="http://www.w3.org/2001/XMLSchema-instance"
	xmlns:context="http://www.springframework.org/schema/context"
	xsi:schemaLocation="http://www.springframework.org/schema/beans
    http://www.springframework.org/schema/beans/spring-beans-3.0.xsd
    http://www.springframework.org/schema/context
    http://www.springframework.org/schema/context/spring-context-3.0.xsd">

	<bean id="product" class="com.nec.SpringCoreDemo.Product">
		<!-- Product product=new Product(); -->
		<property name="productId" value="121"></property>
		<property name="productName" value="mobile"></property>
		<property name="productPrice" value="90000"></property>
		<property name="productDescription" value="samsung"></property>
		
		<constructor-arg name="productId" value="122"></constructor-arg>
		<constructor-arg name="productName" value="laptop"></constructor-arg>
		<constructor-arg name="productPrice" value="100000"></constructor-arg>
		<constructor-arg name="productDescription" value="sony"></constructor-arg>
	</bean>




</beans>