<beans xmlns="http://www.springframework.org/schema/beans"
	xmlns:xsi="http://www.w3.org/2001/XMLSchema-instance"
	xmlns:context="http://www.springframework.org/schema/context"
	xsi:schemaLocation="http://www.springframework.org/schema/beans
    http://www.springframework.org/schema/beans/spring-beans-3.0.xsd
    http://www.springframework.org/schema/context
    http://www.springframework.org/schema/context/spring-context-3.0.xsd">

	<bean id="employee" class="com.nec.demo.Employee" autowire="byType">
		<property name="empId" value="12"></property>
		<property name="empName" value="sandeep"></property>
		<property name="empSal" value="90000"></property>
		<!-- <property name="address" ref="add"></property> -->
	</bean>

	<bean id="add" class="com.nec.demo.Address">
		<property name="hno" value="1111"></property>
		<property name="colony" value="bank colony"></property>
		<property name="city" value="hyderabad"></property>
		<property name="pincode" value="501511"></property>
	</bean>


<!-- 	<bean id="employee" class="com.nec.demo.Employee" autowire="constructor">
		<constructor-arg name="empId" value="12"></constructor-arg>
		<constructor-arg name="empName" value="sandeep"></constructor-arg>
		<constructor-arg name="empSal" value="90000"></constructor-arg>
		<constructor-arg name="address" ref="add"></constructor-arg>
	</bean>

	<bean id="add" class="com.nec.demo.Address">
		<constructor-arg name="hno" value="1111"></constructor-arg>
		<constructor-arg name="colony" value="bank colony"></constructor-arg>
		<constructor-arg name="city" value="hyderabad"></constructor-arg>
		<constructor-arg name="pincode" value="501511"></constructor-arg>
	</bean> -->



</beans>  
